<?xml version="1.0" encoding="UTF-8"?>
<metadata>
  <idinfo>
    <citation>
      <citeinfo>
        <origin/>
        <origin/>
        <pubdate>20120813</pubdate>
        <title>Province Boundaries with 2010 Population Census Data: China (100% Short Form data)</title>
        <edition>v.1</edition>
        <geoform>vector digital data</geoform>
        <pubinfo>
          <pubplace/>
          <publish>Beijing Hua tong ren shi chang xin xi you xian ze ren gong si</publish>
        </pubinfo>
        <onlink>http://purl.stanford.edu/mg792ym3402</onlink>
        <lworkcit>
          <citeinfo>
            <origin/>
            <origin/>
            <pubdate>20120813</pubdate>
            <title>2010 China Province Population Census Data with GIS Maps</title>
            <edition>v. 1</edition>
            <geoform>vector digital data</geoform>
            <pubinfo>
              <publish>Beijing Hua tong ren shi chang xin xi you xian ze ren gong si</publish>
            </pubinfo>
          </citeinfo>
        </lworkcit>
      </citeinfo>
    </citation>
    <descript>
      <abstract>This polygon shapefile contains province boundaries and (100 percent short form) population data from the 2010 census of China, including: age composition, households, deaths, household registration and other housing Information. This layer is part of the 2010 China Province Population Census Dataset. The population data came from the 6th China Population Census surveyed in 2010. The GIS data is based on the national digital map (1:1 million) developed by the National Geographic Information Center of China (NGCC), including rives, roads, residential area and administrative boundaries.</abstract>
      <purpose>This dataset is intended for researchers, students, and policy makers for reference and mapping purposes, and may be used for basic applications such as viewing, querying, and map output production, or to provide a basemap to support graphical overlays and analysis with other spatial data.</purpose>
    </descript>
    <timeperd>
      <timeinfo>
        <sngdate>
          <caldate>20101101</caldate>
        </sngdate>
      </timeinfo>
      <current>ground condition</current>
    </timeperd>
    <status>
      <progress>Complete</progress>
      <update>None planned</update>
    </status>
    <spdom>
      <bounding>
        <westbc>73.446960</westbc>
        <eastbc>135.085831</eastbc>
        <northbc>53.557926</northbc>
        <southbc>6.318641</southbc>
      </bounding>
    </spdom>
    <keywords>
      <theme>
        <themekt>lcsh</themekt>
        <themekey>Chinese provinces</themekey>
        <themekey>Population</themekey>
        <themekey>Housing</themekey>
        <themekey>Labor supply</themekey>
        <themekey>Age distribution (Demography)</themekey>
      </theme>
      <theme>
        <themekt>ISO 19115 Topic Categories</themekt>
        <themekey>boundaries</themekey>
        <themekey>society</themekey>
      </theme>
      <place>
        <placekt>geonames</placekt>
        <placekey>China</placekey>
      </place>
      <temporal>
        <tempkt>None</tempkt>
        <tempkey>2010</tempkey>
      </temporal>
    </keywords>
    <accconst>None</accconst>
    <useconst>Available only to Stanford University affiliates. Affiliates are limited to current faculty, staff and students. No part of this data product is allowed to be reproduced or re-distributed to any other parties without permission.</useconst>
    <ptcontac>
      <cntinfo>
        <cntorgp>
          <cntorg>China Data Center</cntorg>
        </cntorgp>
        <cntaddr>
          <addrtype>mailing and physical</addrtype>
          <address>1080 S. University</address>
          <address>University of Michigan</address>
          <city>Ann Arbor</city>
          <state>MI</state>
          <postal>48109</postal>
          <country>US</country>
        </cntaddr>
        <cntvoice>734-647-9610</cntvoice>
        <cntfax>734-763-0335</cntfax>
        <cntemail>chinadata@umich.edu</cntemail>
      </cntinfo>
    </ptcontac>
    <datacred>China Data Center. University of Michigan. (2010). Province Boundaries with 2010 Population Census Data: China (100% Short Form data). Copyright by All China Marketing Research Co., Ltd.</datacred>
    <native>Microsoft Windows 7 Version 6.1 (Build 7601) Service Pack 1; Esri ArcGIS 10.2.2.3552</native>
  </idinfo>
  <dataqual>
    <logic>None.</logic>
    <complete>Unknown.</complete>
  </dataqual>
  <spdoinfo>
    <direct>Vector</direct>
    <ptvctinf>
      <sdtsterm>
        <sdtstype>GT-polygon composed of chains</sdtstype>
        <ptvctcnt>31</ptvctcnt>
      </sdtsterm>
    </ptvctinf>
  </spdoinfo>
  <eainfo>
    <detailed>
      <enttyp>
        <enttypl>2010ProvA</enttypl>
        <enttypd>China Province Boundaries 1953</enttypd>
        <enttypds>China Data Center</enttypds>
      </enttyp>
      <attr>
        <attrlabl>FID</attrlabl>
        <attrdef>Internal feature number.</attrdef>
        <attrdefs>ESRI</attrdefs>
        <attrdomv>
          <udom>Sequential unique whole numbers that are automatically generated.</udom>
        </attrdomv>
      </attr>
      <attr>
        <attrlabl>SHAPE</attrlabl>
        <attrdef>Feature geometry.</attrdef>
        <attrdefs>ESRI</attrdefs>
        <attrdomv>
          <udom>Coordinates defining the features.</udom>
        </attrdomv>
      </attr>
      <attr>
        <attrlabl>GbProv</attrlabl>
      </attr>
      <attr>
        <attrlabl>ProvCH</attrlabl>
      </attr>
      <attr>
        <attrlabl>ProvEN</attrlabl>
      </attr>
      <attr>
        <attrlabl>A101001</attrlabl>
      </attr>
      <attr>
        <attrlabl>A101002</attrlabl>
      </attr>
      <attr>
        <attrlabl>A101003</attrlabl>
      </attr>
      <attr>
        <attrlabl>A101004</attrlabl>
      </attr>
      <attr>
        <attrlabl>A101005</attrlabl>
      </attr>
      <attr>
        <attrlabl>A101006</attrlabl>
      </attr>
      <attr>
        <attrlabl>A101007</attrlabl>
      </attr>
      <attr>
        <attrlabl>A101008</attrlabl>
      </attr>
      <attr>
        <attrlabl>A101009</attrlabl>
      </attr>
      <attr>
        <attrlabl>A101010</attrlabl>
      </attr>
      <attr>
        <attrlabl>A101011</attrlabl>
      </attr>
      <attr>
        <attrlabl>A101012</attrlabl>
      </attr>
      <attr>
        <attrlabl>A101013</attrlabl>
      </attr>
      <attr>
        <attrlabl>A101014</attrlabl>
      </attr>
      <attr>
        <attrlabl>A101015</attrlabl>
      </attr>
      <attr>
        <attrlabl>A101016</attrlabl>
      </attr>
      <attr>
        <attrlabl>A102001</attrlabl>
      </attr>
      <attr>
        <attrlabl>A102002</attrlabl>
      </attr>
      <attr>
        <attrlabl>A102003</attrlabl>
      </attr>
      <attr>
        <attrlabl>A102004</attrlabl>
      </attr>
      <attr>
        <attrlabl>A102005</attrlabl>
      </attr>
      <attr>
        <attrlabl>A102006</attrlabl>
      </attr>
      <attr>
        <attrlabl>A102007</attrlabl>
      </attr>
      <attr>
        <attrlabl>A102008</attrlabl>
      </attr>
      <attr>
        <attrlabl>A102009</attrlabl>
      </attr>
      <attr>
        <attrlabl>A102010</attrlabl>
      </attr>
      <attr>
        <attrlabl>A102011</attrlabl>
      </attr>
      <attr>
        <attrlabl>A102012</attrlabl>
      </attr>
      <attr>
        <attrlabl>A102013</attrlabl>
      </attr>
      <attr>
        <attrlabl>A102014</attrlabl>
      </attr>
      <attr>
        <attrlabl>A102015</attrlabl>
      </attr>
      <attr>
        <attrlabl>A103001</attrlabl>
      </attr>
      <attr>
        <attrlabl>A103002</attrlabl>
      </attr>
      <attr>
        <attrlabl>A103003</attrlabl>
      </attr>
      <attr>
        <attrlabl>A103004</attrlabl>
      </attr>
      <attr>
        <attrlabl>A103005</attrlabl>
      </attr>
      <attr>
        <attrlabl>A103006</attrlabl>
      </attr>
      <attr>
        <attrlabl>A103007</attrlabl>
      </attr>
      <attr>
        <attrlabl>A103008</attrlabl>
      </attr>
      <attr>
        <attrlabl>A103009</attrlabl>
      </attr>
      <attr>
        <attrlabl>A104001</attrlabl>
      </attr>
      <attr>
        <attrlabl>A104002</attrlabl>
      </attr>
      <attr>
        <attrlabl>A104003</attrlabl>
      </attr>
      <attr>
        <attrlabl>A104004</attrlabl>
      </attr>
      <attr>
        <attrlabl>A104005</attrlabl>
      </attr>
      <attr>
        <attrlabl>A104006</attrlabl>
      </attr>
      <attr>
        <attrlabl>A104007</attrlabl>
      </attr>
      <attr>
        <attrlabl>A104008</attrlabl>
      </attr>
      <attr>
        <attrlabl>A104009</attrlabl>
      </attr>
      <attr>
        <attrlabl>A104010</attrlabl>
      </attr>
      <attr>
        <attrlabl>A104011</attrlabl>
      </attr>
      <attr>
        <attrlabl>A104012</attrlabl>
      </attr>
      <attr>
        <attrlabl>A105001</attrlabl>
      </attr>
      <attr>
        <attrlabl>A105002</attrlabl>
      </attr>
      <attr>
        <attrlabl>A105003</attrlabl>
      </attr>
      <attr>
        <attrlabl>A105004</attrlabl>
      </attr>
      <attr>
        <attrlabl>A105005</attrlabl>
      </attr>
      <attr>
        <attrlabl>A105006</attrlabl>
      </attr>
      <attr>
        <attrlabl>A105007</attrlabl>
      </attr>
      <attr>
        <attrlabl>A105008</attrlabl>
      </attr>
      <attr>
        <attrlabl>A105009</attrlabl>
      </attr>
      <attr>
        <attrlabl>A105010</attrlabl>
      </attr>
      <attr>
        <attrlabl>A105011</attrlabl>
      </attr>
      <attr>
        <attrlabl>A105012</attrlabl>
      </attr>
      <attr>
        <attrlabl>A106001</attrlabl>
      </attr>
      <attr>
        <attrlabl>A106002</attrlabl>
      </attr>
      <attr>
        <attrlabl>A106003</attrlabl>
      </attr>
      <attr>
        <attrlabl>A106004</attrlabl>
      </attr>
      <attr>
        <attrlabl>A106005</attrlabl>
      </attr>
      <attr>
        <attrlabl>A106006</attrlabl>
      </attr>
      <attr>
        <attrlabl>A106007</attrlabl>
      </attr>
      <attr>
        <attrlabl>A106008</attrlabl>
      </attr>
      <attr>
        <attrlabl>A106009</attrlabl>
      </attr>
      <attr>
        <attrlabl>A106010</attrlabl>
      </attr>
      <attr>
        <attrlabl>A106011</attrlabl>
      </attr>
      <attr>
        <attrlabl>A106012</attrlabl>
      </attr>
      <attr>
        <attrlabl>A106013</attrlabl>
      </attr>
      <attr>
        <attrlabl>A106014</attrlabl>
      </attr>
      <attr>
        <attrlabl>A106015</attrlabl>
      </attr>
      <attr>
        <attrlabl>A106016</attrlabl>
      </attr>
      <attr>
        <attrlabl>A106017</attrlabl>
      </attr>
      <attr>
        <attrlabl>A106018</attrlabl>
      </attr>
      <attr>
        <attrlabl>A106019</attrlabl>
      </attr>
      <attr>
        <attrlabl>A106020</attrlabl>
      </attr>
      <attr>
        <attrlabl>A106021</attrlabl>
      </attr>
      <attr>
        <attrlabl>A106022</attrlabl>
      </attr>
      <attr>
        <attrlabl>A106023</attrlabl>
      </attr>
      <attr>
        <attrlabl>A106024</attrlabl>
      </attr>
      <attr>
        <attrlabl>A106025</attrlabl>
      </attr>
      <attr>
        <attrlabl>A106026</attrlabl>
      </attr>
      <attr>
        <attrlabl>A106027</attrlabl>
      </attr>
      <attr>
        <attrlabl>A106028</attrlabl>
      </attr>
      <attr>
        <attrlabl>A106029</attrlabl>
      </attr>
      <attr>
        <attrlabl>A106030</attrlabl>
      </attr>
      <attr>
        <attrlabl>A106031</attrlabl>
      </attr>
      <attr>
        <attrlabl>A106032</attrlabl>
      </attr>
      <attr>
        <attrlabl>A106033</attrlabl>
      </attr>
      <attr>
        <attrlabl>A106034</attrlabl>
      </attr>
      <attr>
        <attrlabl>A106035</attrlabl>
      </attr>
      <attr>
        <attrlabl>A106036</attrlabl>
      </attr>
      <attr>
        <attrlabl>A106037</attrlabl>
      </attr>
      <attr>
        <attrlabl>A106038</attrlabl>
      </attr>
      <attr>
        <attrlabl>A106039</attrlabl>
      </attr>
      <attr>
        <attrlabl>A106040</attrlabl>
      </attr>
      <attr>
        <attrlabl>A106041</attrlabl>
      </attr>
      <attr>
        <attrlabl>A106042</attrlabl>
      </attr>
      <attr>
        <attrlabl>A106043</attrlabl>
      </attr>
      <attr>
        <attrlabl>A106044</attrlabl>
      </attr>
      <attr>
        <attrlabl>A106045</attrlabl>
      </attr>
      <attr>
        <attrlabl>A106046</attrlabl>
      </attr>
      <attr>
        <attrlabl>A106047</attrlabl>
      </attr>
      <attr>
        <attrlabl>A106048</attrlabl>
      </attr>
      <attr>
        <attrlabl>A106049</attrlabl>
      </attr>
      <attr>
        <attrlabl>A106050</attrlabl>
      </attr>
      <attr>
        <attrlabl>A106051</attrlabl>
      </attr>
      <attr>
        <attrlabl>A106052</attrlabl>
      </attr>
      <attr>
        <attrlabl>A106053</attrlabl>
      </attr>
      <attr>
        <attrlabl>A106054</attrlabl>
      </attr>
      <attr>
        <attrlabl>A106055</attrlabl>
      </attr>
      <attr>
        <attrlabl>A106056</attrlabl>
      </attr>
      <attr>
        <attrlabl>A106057</attrlabl>
      </attr>
      <attr>
        <attrlabl>A106058</attrlabl>
      </attr>
      <attr>
        <attrlabl>A106059</attrlabl>
      </attr>
      <attr>
        <attrlabl>A106060</attrlabl>
      </attr>
      <attr>
        <attrlabl>A106061</attrlabl>
      </attr>
      <attr>
        <attrlabl>A106062</attrlabl>
      </attr>
      <attr>
        <attrlabl>A106063</attrlabl>
      </attr>
      <attr>
        <attrlabl>A106064</attrlabl>
      </attr>
      <attr>
        <attrlabl>A106065</attrlabl>
      </attr>
      <attr>
        <attrlabl>A106066</attrlabl>
      </attr>
      <attr>
        <attrlabl>A106067</attrlabl>
      </attr>
      <attr>
        <attrlabl>A106068</attrlabl>
      </attr>
      <attr>
        <attrlabl>A106069</attrlabl>
      </attr>
      <attr>
        <attrlabl>A106070</attrlabl>
      </attr>
      <attr>
        <attrlabl>A106071</attrlabl>
      </attr>
      <attr>
        <attrlabl>A106072</attrlabl>
      </attr>
      <attr>
        <attrlabl>A106073</attrlabl>
      </attr>
      <attr>
        <attrlabl>A106074</attrlabl>
      </attr>
      <attr>
        <attrlabl>A106075</attrlabl>
      </attr>
      <attr>
        <attrlabl>A106076</attrlabl>
      </attr>
      <attr>
        <attrlabl>A106077</attrlabl>
      </attr>
      <attr>
        <attrlabl>A106078</attrlabl>
      </attr>
      <attr>
        <attrlabl>A106079</attrlabl>
      </attr>
      <attr>
        <attrlabl>A106080</attrlabl>
      </attr>
      <attr>
        <attrlabl>A106081</attrlabl>
      </attr>
      <attr>
        <attrlabl>A106082</attrlabl>
      </attr>
      <attr>
        <attrlabl>A106083</attrlabl>
      </attr>
      <attr>
        <attrlabl>A106084</attrlabl>
      </attr>
      <attr>
        <attrlabl>A106085</attrlabl>
      </attr>
      <attr>
        <attrlabl>A106086</attrlabl>
      </attr>
      <attr>
        <attrlabl>A106087</attrlabl>
      </attr>
      <attr>
        <attrlabl>A106088</attrlabl>
      </attr>
      <attr>
        <attrlabl>A106089</attrlabl>
      </attr>
      <attr>
        <attrlabl>A106090</attrlabl>
      </attr>
      <attr>
        <attrlabl>A106091</attrlabl>
      </attr>
      <attr>
        <attrlabl>A106092</attrlabl>
      </attr>
      <attr>
        <attrlabl>A106093</attrlabl>
      </attr>
      <attr>
        <attrlabl>A106094</attrlabl>
      </attr>
      <attr>
        <attrlabl>A106095</attrlabl>
      </attr>
      <attr>
        <attrlabl>A106096</attrlabl>
      </attr>
      <attr>
        <attrlabl>A106097</attrlabl>
      </attr>
      <attr>
        <attrlabl>A106098</attrlabl>
      </attr>
      <attr>
        <attrlabl>A106099</attrlabl>
      </attr>
      <attr>
        <attrlabl>A106100</attrlabl>
      </attr>
      <attr>
        <attrlabl>A106101</attrlabl>
      </attr>
      <attr>
        <attrlabl>A106102</attrlabl>
      </attr>
      <attr>
        <attrlabl>A106103</attrlabl>
      </attr>
      <attr>
        <attrlabl>A106104</attrlabl>
      </attr>
      <attr>
        <attrlabl>A106105</attrlabl>
      </attr>
      <attr>
        <attrlabl>A106106</attrlabl>
      </attr>
      <attr>
        <attrlabl>A106107</attrlabl>
      </attr>
      <attr>
        <attrlabl>A106108</attrlabl>
      </attr>
      <attr>
        <attrlabl>A106109</attrlabl>
      </attr>
      <attr>
        <attrlabl>A106110</attrlabl>
      </attr>
      <attr>
        <attrlabl>A106111</attrlabl>
      </attr>
      <attr>
        <attrlabl>A106112</attrlabl>
      </attr>
      <attr>
        <attrlabl>A106113</attrlabl>
      </attr>
      <attr>
        <attrlabl>A106114</attrlabl>
      </attr>
      <attr>
        <attrlabl>A106115</attrlabl>
      </attr>
      <attr>
        <attrlabl>A106116</attrlabl>
      </attr>
      <attr>
        <attrlabl>A106117</attrlabl>
      </attr>
      <attr>
        <attrlabl>A106118</attrlabl>
      </attr>
      <attr>
        <attrlabl>A106119</attrlabl>
      </attr>
      <attr>
        <attrlabl>A106120</attrlabl>
      </attr>
      <attr>
        <attrlabl>A106121</attrlabl>
      </attr>
      <attr>
        <attrlabl>A106122</attrlabl>
      </attr>
      <attr>
        <attrlabl>A106123</attrlabl>
      </attr>
      <attr>
        <attrlabl>A106124</attrlabl>
      </attr>
      <attr>
        <attrlabl>A106125</attrlabl>
      </attr>
      <attr>
        <attrlabl>A106126</attrlabl>
      </attr>
      <attr>
        <attrlabl>A106127</attrlabl>
      </attr>
      <attr>
        <attrlabl>A106128</attrlabl>
      </attr>
      <attr>
        <attrlabl>A106129</attrlabl>
      </attr>
      <attr>
        <attrlabl>A106130</attrlabl>
      </attr>
      <attr>
        <attrlabl>A106131</attrlabl>
      </attr>
      <attr>
        <attrlabl>A106132</attrlabl>
      </attr>
      <attr>
        <attrlabl>A106133</attrlabl>
      </attr>
      <attr>
        <attrlabl>A106134</attrlabl>
      </attr>
      <attr>
        <attrlabl>A106135</attrlabl>
      </attr>
      <attr>
        <attrlabl>A106136</attrlabl>
      </attr>
      <attr>
        <attrlabl>A106137</attrlabl>
      </attr>
      <attr>
        <attrlabl>A106138</attrlabl>
      </attr>
      <attr>
        <attrlabl>A106139</attrlabl>
      </attr>
      <attr>
        <attrlabl>A106140</attrlabl>
      </attr>
      <attr>
        <attrlabl>A106141</attrlabl>
      </attr>
      <attr>
        <attrlabl>A106142</attrlabl>
      </attr>
      <attr>
        <attrlabl>A106143</attrlabl>
      </attr>
      <attr>
        <attrlabl>A106144</attrlabl>
      </attr>
      <attr>
        <attrlabl>A106145</attrlabl>
      </attr>
      <attr>
        <attrlabl>A106146</attrlabl>
      </attr>
      <attr>
        <attrlabl>A106147</attrlabl>
      </attr>
      <attr>
        <attrlabl>A106148</attrlabl>
      </attr>
      <attr>
        <attrlabl>A106149</attrlabl>
      </attr>
      <attr>
        <attrlabl>A106150</attrlabl>
      </attr>
      <attr>
        <attrlabl>A106151</attrlabl>
      </attr>
      <attr>
        <attrlabl>A106152</attrlabl>
      </attr>
      <attr>
        <attrlabl>A106153</attrlabl>
      </attr>
      <attr>
        <attrlabl>A106154</attrlabl>
      </attr>
      <attr>
        <attrlabl>A106155</attrlabl>
      </attr>
      <attr>
        <attrlabl>A106156</attrlabl>
      </attr>
      <attr>
        <attrlabl>A106157</attrlabl>
      </attr>
      <attr>
        <attrlabl>A106158</attrlabl>
      </attr>
      <attr>
        <attrlabl>A106159</attrlabl>
      </attr>
      <attr>
        <attrlabl>A106160</attrlabl>
      </attr>
      <attr>
        <attrlabl>A106161</attrlabl>
      </attr>
      <attr>
        <attrlabl>A106162</attrlabl>
      </attr>
      <attr>
        <attrlabl>A106163</attrlabl>
      </attr>
      <attr>
        <attrlabl>A106164</attrlabl>
      </attr>
      <attr>
        <attrlabl>A106165</attrlabl>
      </attr>
      <attr>
        <attrlabl>A106166</attrlabl>
      </attr>
      <attr>
        <attrlabl>A106167</attrlabl>
      </attr>
      <attr>
        <attrlabl>A106168</attrlabl>
      </attr>
      <attr>
        <attrlabl>A106169</attrlabl>
      </attr>
      <attr>
        <attrlabl>A106170</attrlabl>
      </attr>
      <attr>
        <attrlabl>A106171</attrlabl>
      </attr>
      <attr>
        <attrlabl>A106172</attrlabl>
      </attr>
      <attr>
        <attrlabl>A106173</attrlabl>
      </attr>
      <attr>
        <attrlabl>A106174</attrlabl>
      </attr>
      <attr>
        <attrlabl>A106175</attrlabl>
      </attr>
      <attr>
        <attrlabl>A106176</attrlabl>
      </attr>
      <attr>
        <attrlabl>A106177</attrlabl>
      </attr>
      <attr>
        <attrlabl>A107001</attrlabl>
      </attr>
      <attr>
        <attrlabl>A107002</attrlabl>
      </attr>
      <attr>
        <attrlabl>A107003</attrlabl>
      </attr>
      <attr>
        <attrlabl>A107004</attrlabl>
      </attr>
      <attr>
        <attrlabl>A107005</attrlabl>
      </attr>
      <attr>
        <attrlabl>A107006</attrlabl>
      </attr>
      <attr>
        <attrlabl>A107007</attrlabl>
      </attr>
      <attr>
        <attrlabl>A107008</attrlabl>
      </attr>
      <attr>
        <attrlabl>A107009</attrlabl>
      </attr>
      <attr>
        <attrlabl>A107010</attrlabl>
      </attr>
      <attr>
        <attrlabl>A107011</attrlabl>
      </attr>
      <attr>
        <attrlabl>A107012</attrlabl>
      </attr>
      <attr>
        <attrlabl>A107013</attrlabl>
      </attr>
      <attr>
        <attrlabl>A107014</attrlabl>
      </attr>
      <attr>
        <attrlabl>A107015</attrlabl>
      </attr>
      <attr>
        <attrlabl>A107016</attrlabl>
      </attr>
      <attr>
        <attrlabl>A107017</attrlabl>
      </attr>
      <attr>
        <attrlabl>A107018</attrlabl>
      </attr>
      <attr>
        <attrlabl>A107019</attrlabl>
      </attr>
      <attr>
        <attrlabl>A107020</attrlabl>
      </attr>
      <attr>
        <attrlabl>A107021</attrlabl>
      </attr>
      <attr>
        <attrlabl>A107022</attrlabl>
      </attr>
      <attr>
        <attrlabl>A107023</attrlabl>
      </attr>
      <attr>
        <attrlabl>A107024</attrlabl>
      </attr>
      <attr>
        <attrlabl>A107025</attrlabl>
      </attr>
      <attr>
        <attrlabl>A107026</attrlabl>
      </attr>
      <attr>
        <attrlabl>A107027</attrlabl>
      </attr>
      <attr>
        <attrlabl>A107028</attrlabl>
      </attr>
      <attr>
        <attrlabl>A107029</attrlabl>
      </attr>
      <attr>
        <attrlabl>A107030</attrlabl>
      </attr>
      <attr>
        <attrlabl>A107031</attrlabl>
      </attr>
      <attr>
        <attrlabl>A107032</attrlabl>
      </attr>
      <attr>
        <attrlabl>A107033</attrlabl>
      </attr>
      <attr>
        <attrlabl>A107034</attrlabl>
      </attr>
      <attr>
        <attrlabl>A107035</attrlabl>
      </attr>
      <attr>
        <attrlabl>A107036</attrlabl>
      </attr>
      <attr>
        <attrlabl>A107037</attrlabl>
      </attr>
      <attr>
        <attrlabl>A107038</attrlabl>
      </attr>
      <attr>
        <attrlabl>A107039</attrlabl>
      </attr>
      <attr>
        <attrlabl>A107040</attrlabl>
      </attr>
      <attr>
        <attrlabl>A107041</attrlabl>
      </attr>
      <attr>
        <attrlabl>A107042</attrlabl>
      </attr>
      <attr>
        <attrlabl>A107043</attrlabl>
      </attr>
      <attr>
        <attrlabl>A107044</attrlabl>
      </attr>
      <attr>
        <attrlabl>A107045</attrlabl>
      </attr>
      <attr>
        <attrlabl>A107046</attrlabl>
      </attr>
      <attr>
        <attrlabl>A107047</attrlabl>
      </attr>
      <attr>
        <attrlabl>A107048</attrlabl>
      </attr>
      <attr>
        <attrlabl>A107049</attrlabl>
      </attr>
      <attr>
        <attrlabl>A107050</attrlabl>
      </attr>
      <attr>
        <attrlabl>A107051</attrlabl>
      </attr>
      <attr>
        <attrlabl>A107052</attrlabl>
      </attr>
      <attr>
        <attrlabl>A107053</attrlabl>
      </attr>
      <attr>
        <attrlabl>A107054</attrlabl>
      </attr>
      <attr>
        <attrlabl>A107055</attrlabl>
      </attr>
      <attr>
        <attrlabl>A107056</attrlabl>
      </attr>
      <attr>
        <attrlabl>A107057</attrlabl>
      </attr>
      <attr>
        <attrlabl>A107058</attrlabl>
      </attr>
      <attr>
        <attrlabl>A107059</attrlabl>
      </attr>
      <attr>
        <attrlabl>A107060</attrlabl>
      </attr>
      <attr>
        <attrlabl>A107061</attrlabl>
      </attr>
      <attr>
        <attrlabl>A107062</attrlabl>
      </attr>
      <attr>
        <attrlabl>A107063</attrlabl>
      </attr>
      <attr>
        <attrlabl>A107064</attrlabl>
      </attr>
      <attr>
        <attrlabl>A107065</attrlabl>
      </attr>
      <attr>
        <attrlabl>A107066</attrlabl>
      </attr>
      <attr>
        <attrlabl>A107067</attrlabl>
      </attr>
      <attr>
        <attrlabl>A107068</attrlabl>
      </attr>
      <attr>
        <attrlabl>A107069</attrlabl>
      </attr>
      <attr>
        <attrlabl>A108001</attrlabl>
      </attr>
      <attr>
        <attrlabl>A108002</attrlabl>
      </attr>
      <attr>
        <attrlabl>A108003</attrlabl>
      </attr>
      <attr>
        <attrlabl>A108004</attrlabl>
      </attr>
      <attr>
        <attrlabl>A108005</attrlabl>
      </attr>
      <attr>
        <attrlabl>A108006</attrlabl>
      </attr>
      <attr>
        <attrlabl>A108007</attrlabl>
      </attr>
      <attr>
        <attrlabl>A108008</attrlabl>
      </attr>
      <attr>
        <attrlabl>A108009</attrlabl>
      </attr>
      <attr>
        <attrlabl>A108010</attrlabl>
      </attr>
      <attr>
        <attrlabl>A108011</attrlabl>
      </attr>
      <attr>
        <attrlabl>A108012</attrlabl>
      </attr>
      <attr>
        <attrlabl>A108013</attrlabl>
      </attr>
      <attr>
        <attrlabl>A108014</attrlabl>
      </attr>
      <attr>
        <attrlabl>A108015</attrlabl>
      </attr>
      <attr>
        <attrlabl>A108016</attrlabl>
      </attr>
      <attr>
        <attrlabl>A108017</attrlabl>
      </attr>
      <attr>
        <attrlabl>A108018</attrlabl>
      </attr>
      <attr>
        <attrlabl>A108019</attrlabl>
      </attr>
      <attr>
        <attrlabl>A108020</attrlabl>
      </attr>
      <attr>
        <attrlabl>A108021</attrlabl>
      </attr>
      <attr>
        <attrlabl>A108022</attrlabl>
      </attr>
      <attr>
        <attrlabl>A108023</attrlabl>
      </attr>
      <attr>
        <attrlabl>A108024</attrlabl>
      </attr>
      <attr>
        <attrlabl>A109001</attrlabl>
      </attr>
      <attr>
        <attrlabl>A109002</attrlabl>
      </attr>
      <attr>
        <attrlabl>A109003</attrlabl>
      </attr>
      <attr>
        <attrlabl>A109004</attrlabl>
      </attr>
      <attr>
        <attrlabl>A109005</attrlabl>
      </attr>
      <attr>
        <attrlabl>A109006</attrlabl>
      </attr>
      <attr>
        <attrlabl>A109007</attrlabl>
      </attr>
      <attr>
        <attrlabl>A109008</attrlabl>
      </attr>
      <attr>
        <attrlabl>A109009</attrlabl>
      </attr>
      <attr>
        <attrlabl>A110001</attrlabl>
      </attr>
      <attr>
        <attrlabl>A110002</attrlabl>
      </attr>
      <attr>
        <attrlabl>A110003</attrlabl>
      </attr>
      <attr>
        <attrlabl>A110004</attrlabl>
      </attr>
      <attr>
        <attrlabl>A110005</attrlabl>
      </attr>
      <attr>
        <attrlabl>A110006</attrlabl>
      </attr>
      <attr>
        <attrlabl>A110007</attrlabl>
      </attr>
      <attr>
        <attrlabl>A110008</attrlabl>
      </attr>
      <attr>
        <attrlabl>A110009</attrlabl>
      </attr>
      <attr>
        <attrlabl>A110010</attrlabl>
      </attr>
      <attr>
        <attrlabl>A110011</attrlabl>
      </attr>
      <attr>
        <attrlabl>A110012</attrlabl>
      </attr>
      <attr>
        <attrlabl>A110013</attrlabl>
      </attr>
      <attr>
        <attrlabl>A110014</attrlabl>
      </attr>
      <attr>
        <attrlabl>A110015</attrlabl>
      </attr>
      <attr>
        <attrlabl>A110016</attrlabl>
      </attr>
      <attr>
        <attrlabl>A110017</attrlabl>
      </attr>
      <attr>
        <attrlabl>A110018</attrlabl>
      </attr>
      <attr>
        <attrlabl>A110019</attrlabl>
      </attr>
      <attr>
        <attrlabl>A110020</attrlabl>
      </attr>
      <attr>
        <attrlabl>A110021</attrlabl>
      </attr>
      <attr>
        <attrlabl>A111001</attrlabl>
      </attr>
      <attr>
        <attrlabl>A111002</attrlabl>
      </attr>
      <attr>
        <attrlabl>A111003</attrlabl>
      </attr>
      <attr>
        <attrlabl>A111004</attrlabl>
      </attr>
      <attr>
        <attrlabl>A111005</attrlabl>
      </attr>
      <attr>
        <attrlabl>A111006</attrlabl>
      </attr>
      <attr>
        <attrlabl>A111007</attrlabl>
      </attr>
      <attr>
        <attrlabl>A111008</attrlabl>
      </attr>
      <attr>
        <attrlabl>A111009</attrlabl>
      </attr>
      <attr>
        <attrlabl>A111010</attrlabl>
      </attr>
      <attr>
        <attrlabl>A111011</attrlabl>
      </attr>
      <attr>
        <attrlabl>A112001</attrlabl>
      </attr>
      <attr>
        <attrlabl>A112002</attrlabl>
      </attr>
      <attr>
        <attrlabl>A112003</attrlabl>
      </attr>
      <attr>
        <attrlabl>A112004</attrlabl>
      </attr>
      <attr>
        <attrlabl>A112005</attrlabl>
      </attr>
      <attr>
        <attrlabl>A112006</attrlabl>
      </attr>
      <attr>
        <attrlabl>A112007</attrlabl>
      </attr>
      <attr>
        <attrlabl>A112008</attrlabl>
      </attr>
      <attr>
        <attrlabl>A112009</attrlabl>
      </attr>
      <attr>
        <attrlabl>A112010</attrlabl>
      </attr>
      <attr>
        <attrlabl>A112011</attrlabl>
      </attr>
      <attr>
        <attrlabl>A112012</attrlabl>
      </attr>
      <attr>
        <attrlabl>A112013</attrlabl>
      </attr>
      <attr>
        <attrlabl>A112014</attrlabl>
      </attr>
      <attr>
        <attrlabl>A112015</attrlabl>
      </attr>
      <attr>
        <attrlabl>A112016</attrlabl>
      </attr>
      <attr>
        <attrlabl>A112017</attrlabl>
      </attr>
      <attr>
        <attrlabl>A112018</attrlabl>
      </attr>
      <attr>
        <attrlabl>A112019</attrlabl>
      </attr>
      <attr>
        <attrlabl>A112020</attrlabl>
      </attr>
      <attr>
        <attrlabl>A112021</attrlabl>
      </attr>
      <attr>
        <attrlabl>A112022</attrlabl>
      </attr>
      <attr>
        <attrlabl>A112023</attrlabl>
      </attr>
      <attr>
        <attrlabl>A112024</attrlabl>
      </attr>
      <attr>
        <attrlabl>A112025</attrlabl>
      </attr>
      <attr>
        <attrlabl>A112026</attrlabl>
      </attr>
      <attr>
        <attrlabl>A112027</attrlabl>
      </attr>
      <attr>
        <attrlabl>A112028</attrlabl>
      </attr>
      <attr>
        <attrlabl>A112029</attrlabl>
      </attr>
      <attr>
        <attrlabl>A112030</attrlabl>
      </attr>
      <attr>
        <attrlabl>A112031</attrlabl>
      </attr>
      <attr>
        <attrlabl>A112032</attrlabl>
      </attr>
      <attr>
        <attrlabl>A112033</attrlabl>
      </attr>
      <attr>
        <attrlabl>A112034</attrlabl>
      </attr>
      <attr>
        <attrlabl>A112035</attrlabl>
      </attr>
      <attr>
        <attrlabl>A112036</attrlabl>
      </attr>
      <attr>
        <attrlabl>A112037</attrlabl>
      </attr>
      <attr>
        <attrlabl>A112038</attrlabl>
      </attr>
      <attr>
        <attrlabl>A112039</attrlabl>
      </attr>
      <attr>
        <attrlabl>A113001</attrlabl>
      </attr>
      <attr>
        <attrlabl>A113002</attrlabl>
      </attr>
      <attr>
        <attrlabl>A113003</attrlabl>
      </attr>
      <attr>
        <attrlabl>A113004</attrlabl>
      </attr>
      <attr>
        <attrlabl>A113005</attrlabl>
      </attr>
      <attr>
        <attrlabl>A113006</attrlabl>
      </attr>
      <attr>
        <attrlabl>A113007</attrlabl>
      </attr>
      <attr>
        <attrlabl>A113008</attrlabl>
      </attr>
      <attr>
        <attrlabl>A113009</attrlabl>
      </attr>
      <attr>
        <attrlabl>A113010</attrlabl>
      </attr>
      <attr>
        <attrlabl>A113011</attrlabl>
      </attr>
      <attr>
        <attrlabl>A113012</attrlabl>
      </attr>
      <attr>
        <attrlabl>A113013</attrlabl>
      </attr>
      <attr>
        <attrlabl>A113014</attrlabl>
      </attr>
      <attr>
        <attrlabl>A113015</attrlabl>
      </attr>
      <attr>
        <attrlabl>A113016</attrlabl>
      </attr>
      <attr>
        <attrlabl>A113017</attrlabl>
      </attr>
      <attr>
        <attrlabl>A113018</attrlabl>
      </attr>
      <attr>
        <attrlabl>A113019</attrlabl>
      </attr>
      <attr>
        <attrlabl>A113020</attrlabl>
      </attr>
      <attr>
        <attrlabl>A113021</attrlabl>
      </attr>
      <attr>
        <attrlabl>A113022</attrlabl>
      </attr>
      <attr>
        <attrlabl>A113023</attrlabl>
      </attr>
      <attr>
        <attrlabl>A113024</attrlabl>
      </attr>
      <attr>
        <attrlabl>A113025</attrlabl>
      </attr>
      <attr>
        <attrlabl>A113026</attrlabl>
      </attr>
      <attr>
        <attrlabl>A113027</attrlabl>
      </attr>
      <attr>
        <attrlabl>A113028</attrlabl>
      </attr>
      <attr>
        <attrlabl>A113029</attrlabl>
      </attr>
      <attr>
        <attrlabl>A113030</attrlabl>
      </attr>
      <attr>
        <attrlabl>A113031</attrlabl>
      </attr>
      <attr>
        <attrlabl>A113032</attrlabl>
      </attr>
      <attr>
        <attrlabl>A113033</attrlabl>
      </attr>
      <attr>
        <attrlabl>A113034</attrlabl>
      </attr>
      <attr>
        <attrlabl>A113035</attrlabl>
      </attr>
      <attr>
        <attrlabl>A113036</attrlabl>
      </attr>
      <attr>
        <attrlabl>A113037</attrlabl>
      </attr>
      <attr>
        <attrlabl>A113038</attrlabl>
      </attr>
      <attr>
        <attrlabl>A113039</attrlabl>
      </attr>
      <attr>
        <attrlabl>A114001</attrlabl>
      </attr>
      <attr>
        <attrlabl>A114002</attrlabl>
      </attr>
      <attr>
        <attrlabl>A114003</attrlabl>
      </attr>
      <attr>
        <attrlabl>A114004</attrlabl>
      </attr>
      <attr>
        <attrlabl>A114005</attrlabl>
      </attr>
      <attr>
        <attrlabl>A302001</attrlabl>
      </attr>
      <attr>
        <attrlabl>A302002</attrlabl>
      </attr>
      <attr>
        <attrlabl>A302003</attrlabl>
      </attr>
      <attr>
        <attrlabl>A302004</attrlabl>
      </attr>
      <attr>
        <attrlabl>A302005</attrlabl>
      </attr>
      <attr>
        <attrlabl>A302006</attrlabl>
      </attr>
      <attr>
        <attrlabl>A302007</attrlabl>
      </attr>
      <attr>
        <attrlabl>A302008</attrlabl>
      </attr>
      <attr>
        <attrlabl>A302009</attrlabl>
      </attr>
      <attr>
        <attrlabl>A302010</attrlabl>
      </attr>
      <attr>
        <attrlabl>A303001</attrlabl>
      </attr>
      <attr>
        <attrlabl>A303002</attrlabl>
      </attr>
      <attr>
        <attrlabl>A303003</attrlabl>
      </attr>
      <attr>
        <attrlabl>A303004</attrlabl>
      </attr>
      <attr>
        <attrlabl>A303005</attrlabl>
      </attr>
      <attr>
        <attrlabl>A303006</attrlabl>
      </attr>
      <attr>
        <attrlabl>A303007</attrlabl>
      </attr>
      <attr>
        <attrlabl>A303008</attrlabl>
      </attr>
      <attr>
        <attrlabl>A303009</attrlabl>
      </attr>
      <attr>
        <attrlabl>A303010</attrlabl>
      </attr>
      <attr>
        <attrlabl>A502001</attrlabl>
      </attr>
      <attr>
        <attrlabl>A502002</attrlabl>
      </attr>
      <attr>
        <attrlabl>A502003</attrlabl>
      </attr>
      <attr>
        <attrlabl>A502004</attrlabl>
      </attr>
      <attr>
        <attrlabl>A502005</attrlabl>
      </attr>
      <attr>
        <attrlabl>A502006</attrlabl>
      </attr>
      <attr>
        <attrlabl>A502007</attrlabl>
      </attr>
      <attr>
        <attrlabl>A502008</attrlabl>
      </attr>
      <attr>
        <attrlabl>A502009</attrlabl>
      </attr>
      <attr>
        <attrlabl>A502010</attrlabl>
      </attr>
      <attr>
        <attrlabl>A502011</attrlabl>
      </attr>
      <attr>
        <attrlabl>A502012</attrlabl>
      </attr>
      <attr>
        <attrlabl>A502013</attrlabl>
      </attr>
      <attr>
        <attrlabl>A502014</attrlabl>
      </attr>
      <attr>
        <attrlabl>A502015</attrlabl>
      </attr>
      <attr>
        <attrlabl>A502016</attrlabl>
      </attr>
      <attr>
        <attrlabl>A502017</attrlabl>
      </attr>
      <attr>
        <attrlabl>A502018</attrlabl>
      </attr>
      <attr>
        <attrlabl>A502019</attrlabl>
      </attr>
      <attr>
        <attrlabl>A502020</attrlabl>
      </attr>
      <attr>
        <attrlabl>A502021</attrlabl>
      </attr>
      <attr>
        <attrlabl>A502022</attrlabl>
      </attr>
      <attr>
        <attrlabl>A502023</attrlabl>
      </attr>
      <attr>
        <attrlabl>A502024</attrlabl>
      </attr>
      <attr>
        <attrlabl>A502025</attrlabl>
      </attr>
      <attr>
        <attrlabl>A502026</attrlabl>
      </attr>
      <attr>
        <attrlabl>A502027</attrlabl>
      </attr>
      <attr>
        <attrlabl>A502028</attrlabl>
      </attr>
      <attr>
        <attrlabl>A502029</attrlabl>
      </attr>
      <attr>
        <attrlabl>A502030</attrlabl>
      </attr>
      <attr>
        <attrlabl>A502031</attrlabl>
      </attr>
      <attr>
        <attrlabl>A502032</attrlabl>
      </attr>
      <attr>
        <attrlabl>A502033</attrlabl>
      </attr>
      <attr>
        <attrlabl>A502034</attrlabl>
      </attr>
      <attr>
        <attrlabl>A502035</attrlabl>
      </attr>
      <attr>
        <attrlabl>A502036</attrlabl>
      </attr>
      <attr>
        <attrlabl>A502037</attrlabl>
      </attr>
      <attr>
        <attrlabl>A502038</attrlabl>
      </attr>
      <attr>
        <attrlabl>A502039</attrlabl>
      </attr>
      <attr>
        <attrlabl>A502040</attrlabl>
      </attr>
      <attr>
        <attrlabl>A502041</attrlabl>
      </attr>
      <attr>
        <attrlabl>A502042</attrlabl>
      </attr>
      <attr>
        <attrlabl>A502043</attrlabl>
      </attr>
      <attr>
        <attrlabl>A502044</attrlabl>
      </attr>
      <attr>
        <attrlabl>A502045</attrlabl>
      </attr>
      <attr>
        <attrlabl>A502046</attrlabl>
      </attr>
      <attr>
        <attrlabl>A502047</attrlabl>
      </attr>
      <attr>
        <attrlabl>A502048</attrlabl>
      </attr>
      <attr>
        <attrlabl>A502049</attrlabl>
      </attr>
      <attr>
        <attrlabl>A502050</attrlabl>
      </attr>
      <attr>
        <attrlabl>A502051</attrlabl>
      </attr>
      <attr>
        <attrlabl>A502052</attrlabl>
      </attr>
      <attr>
        <attrlabl>A502053</attrlabl>
      </attr>
      <attr>
        <attrlabl>A502054</attrlabl>
      </attr>
      <attr>
        <attrlabl>A502055</attrlabl>
      </attr>
      <attr>
        <attrlabl>A502056</attrlabl>
      </attr>
      <attr>
        <attrlabl>A502057</attrlabl>
      </attr>
      <attr>
        <attrlabl>A502058</attrlabl>
      </attr>
      <attr>
        <attrlabl>A502059</attrlabl>
      </attr>
      <attr>
        <attrlabl>A502060</attrlabl>
      </attr>
      <attr>
        <attrlabl>A503001</attrlabl>
      </attr>
      <attr>
        <attrlabl>A503002</attrlabl>
      </attr>
      <attr>
        <attrlabl>A503003</attrlabl>
      </attr>
      <attr>
        <attrlabl>A503004</attrlabl>
      </attr>
      <attr>
        <attrlabl>A503005</attrlabl>
      </attr>
      <attr>
        <attrlabl>A503006</attrlabl>
      </attr>
      <attr>
        <attrlabl>A503007</attrlabl>
      </attr>
      <attr>
        <attrlabl>A503008</attrlabl>
      </attr>
      <attr>
        <attrlabl>A503009</attrlabl>
      </attr>
      <attr>
        <attrlabl>A504001</attrlabl>
      </attr>
      <attr>
        <attrlabl>A504002</attrlabl>
      </attr>
      <attr>
        <attrlabl>A504003</attrlabl>
      </attr>
      <attr>
        <attrlabl>A504004</attrlabl>
      </attr>
      <attr>
        <attrlabl>A504005</attrlabl>
      </attr>
      <attr>
        <attrlabl>A504006</attrlabl>
      </attr>
      <attr>
        <attrlabl>A504007</attrlabl>
      </attr>
      <attr>
        <attrlabl>A504008</attrlabl>
      </attr>
      <attr>
        <attrlabl>A504009</attrlabl>
      </attr>
      <attr>
        <attrlabl>A504010</attrlabl>
      </attr>
      <attr>
        <attrlabl>A505001</attrlabl>
      </attr>
      <attr>
        <attrlabl>A505002</attrlabl>
      </attr>
      <attr>
        <attrlabl>A505003</attrlabl>
      </attr>
      <attr>
        <attrlabl>A505004</attrlabl>
      </attr>
      <attr>
        <attrlabl>A505005</attrlabl>
      </attr>
      <attr>
        <attrlabl>A505006</attrlabl>
      </attr>
      <attr>
        <attrlabl>A505007</attrlabl>
      </attr>
      <attr>
        <attrlabl>A505008</attrlabl>
      </attr>
      <attr>
        <attrlabl>A505009</attrlabl>
      </attr>
      <attr>
        <attrlabl>A505010</attrlabl>
      </attr>
      <attr>
        <attrlabl>A601001</attrlabl>
      </attr>
      <attr>
        <attrlabl>A601002</attrlabl>
      </attr>
      <attr>
        <attrlabl>A601003</attrlabl>
      </attr>
      <attr>
        <attrlabl>A601004</attrlabl>
      </attr>
      <attr>
        <attrlabl>A601005</attrlabl>
      </attr>
      <attr>
        <attrlabl>A601006</attrlabl>
      </attr>
      <attr>
        <attrlabl>A601007</attrlabl>
      </attr>
      <attr>
        <attrlabl>A601008</attrlabl>
      </attr>
      <attr>
        <attrlabl>A601009</attrlabl>
      </attr>
      <attr>
        <attrlabl>A601010</attrlabl>
      </attr>
      <attr>
        <attrlabl>A601011</attrlabl>
      </attr>
      <attr>
        <attrlabl>A601012</attrlabl>
      </attr>
      <attr>
        <attrlabl>A601013</attrlabl>
      </attr>
      <attr>
        <attrlabl>A601014</attrlabl>
      </attr>
      <attr>
        <attrlabl>A601015</attrlabl>
      </attr>
      <attr>
        <attrlabl>A601016</attrlabl>
      </attr>
      <attr>
        <attrlabl>A601017</attrlabl>
      </attr>
      <attr>
        <attrlabl>A601018</attrlabl>
      </attr>
      <attr>
        <attrlabl>A601019</attrlabl>
      </attr>
      <attr>
        <attrlabl>A601020</attrlabl>
      </attr>
      <attr>
        <attrlabl>A601021</attrlabl>
      </attr>
      <attr>
        <attrlabl>A601022</attrlabl>
      </attr>
      <attr>
        <attrlabl>A601023</attrlabl>
      </attr>
      <attr>
        <attrlabl>A601024</attrlabl>
      </attr>
      <attr>
        <attrlabl>A601025</attrlabl>
      </attr>
      <attr>
        <attrlabl>A601026</attrlabl>
      </attr>
      <attr>
        <attrlabl>A601027</attrlabl>
      </attr>
      <attr>
        <attrlabl>A601028</attrlabl>
      </attr>
      <attr>
        <attrlabl>A601029</attrlabl>
      </attr>
      <attr>
        <attrlabl>A601030</attrlabl>
      </attr>
      <attr>
        <attrlabl>A601031</attrlabl>
      </attr>
      <attr>
        <attrlabl>A601032</attrlabl>
      </attr>
      <attr>
        <attrlabl>A601033</attrlabl>
      </attr>
      <attr>
        <attrlabl>A601034</attrlabl>
      </attr>
      <attr>
        <attrlabl>A601035</attrlabl>
      </attr>
      <attr>
        <attrlabl>A601036</attrlabl>
      </attr>
      <attr>
        <attrlabl>A601037</attrlabl>
      </attr>
      <attr>
        <attrlabl>A601038</attrlabl>
      </attr>
      <attr>
        <attrlabl>A601039</attrlabl>
      </attr>
      <attr>
        <attrlabl>A601040</attrlabl>
      </attr>
      <attr>
        <attrlabl>A601041</attrlabl>
      </attr>
      <attr>
        <attrlabl>A601042</attrlabl>
      </attr>
      <attr>
        <attrlabl>A601043</attrlabl>
      </attr>
      <attr>
        <attrlabl>A601044</attrlabl>
      </attr>
      <attr>
        <attrlabl>A601045</attrlabl>
      </attr>
      <attr>
        <attrlabl>A601046</attrlabl>
      </attr>
      <attr>
        <attrlabl>A601047</attrlabl>
      </attr>
      <attr>
        <attrlabl>A601048</attrlabl>
      </attr>
      <attr>
        <attrlabl>A601049</attrlabl>
      </attr>
      <attr>
        <attrlabl>A601050</attrlabl>
      </attr>
      <attr>
        <attrlabl>A601051</attrlabl>
      </attr>
      <attr>
        <attrlabl>A601052</attrlabl>
      </attr>
      <attr>
        <attrlabl>A601053</attrlabl>
      </attr>
      <attr>
        <attrlabl>A601054</attrlabl>
      </attr>
      <attr>
        <attrlabl>A601055</attrlabl>
      </attr>
      <attr>
        <attrlabl>A601056</attrlabl>
      </attr>
      <attr>
        <attrlabl>A601057</attrlabl>
      </attr>
      <attr>
        <attrlabl>A601058</attrlabl>
      </attr>
      <attr>
        <attrlabl>A601059</attrlabl>
      </attr>
      <attr>
        <attrlabl>A601060</attrlabl>
      </attr>
      <attr>
        <attrlabl>A601061</attrlabl>
      </attr>
      <attr>
        <attrlabl>A601062</attrlabl>
      </attr>
      <attr>
        <attrlabl>A601063</attrlabl>
      </attr>
      <attr>
        <attrlabl>A601064</attrlabl>
      </attr>
      <attr>
        <attrlabl>A601065</attrlabl>
      </attr>
      <attr>
        <attrlabl>A601066</attrlabl>
      </attr>
      <attr>
        <attrlabl>A601067</attrlabl>
      </attr>
      <attr>
        <attrlabl>A601068</attrlabl>
      </attr>
      <attr>
        <attrlabl>A601069</attrlabl>
      </attr>
      <attr>
        <attrlabl>A602001</attrlabl>
      </attr>
      <attr>
        <attrlabl>A602002</attrlabl>
      </attr>
      <attr>
        <attrlabl>A602003</attrlabl>
      </attr>
      <attr>
        <attrlabl>A602004</attrlabl>
      </attr>
      <attr>
        <attrlabl>A602005</attrlabl>
      </attr>
      <attr>
        <attrlabl>A602006</attrlabl>
      </attr>
      <attr>
        <attrlabl>A602007</attrlabl>
      </attr>
      <attr>
        <attrlabl>A602008</attrlabl>
      </attr>
      <attr>
        <attrlabl>A602009</attrlabl>
      </attr>
      <attr>
        <attrlabl>A602010</attrlabl>
      </attr>
      <attr>
        <attrlabl>A602011</attrlabl>
      </attr>
      <attr>
        <attrlabl>A602012</attrlabl>
      </attr>
      <attr>
        <attrlabl>A602013</attrlabl>
      </attr>
      <attr>
        <attrlabl>A602014</attrlabl>
      </attr>
      <attr>
        <attrlabl>A602015</attrlabl>
      </attr>
      <attr>
        <attrlabl>A602016</attrlabl>
      </attr>
      <attr>
        <attrlabl>A602017</attrlabl>
      </attr>
      <attr>
        <attrlabl>A602018</attrlabl>
      </attr>
      <attr>
        <attrlabl>A602019</attrlabl>
      </attr>
      <attr>
        <attrlabl>A602020</attrlabl>
      </attr>
      <attr>
        <attrlabl>A602021</attrlabl>
      </attr>
      <attr>
        <attrlabl>A602022</attrlabl>
      </attr>
      <attr>
        <attrlabl>A602023</attrlabl>
      </attr>
      <attr>
        <attrlabl>A602024</attrlabl>
      </attr>
      <attr>
        <attrlabl>A603001</attrlabl>
      </attr>
      <attr>
        <attrlabl>A603002</attrlabl>
      </attr>
      <attr>
        <attrlabl>A603003</attrlabl>
      </attr>
      <attr>
        <attrlabl>A603004</attrlabl>
      </attr>
      <attr>
        <attrlabl>A603005</attrlabl>
      </attr>
      <attr>
        <attrlabl>A603006</attrlabl>
      </attr>
      <attr>
        <attrlabl>A603007</attrlabl>
      </attr>
      <attr>
        <attrlabl>A603008</attrlabl>
      </attr>
      <attr>
        <attrlabl>A603009</attrlabl>
      </attr>
      <attr>
        <attrlabl>A603010</attrlabl>
      </attr>
      <attr>
        <attrlabl>A603011</attrlabl>
      </attr>
      <attr>
        <attrlabl>A603012</attrlabl>
      </attr>
      <attr>
        <attrlabl>A603013</attrlabl>
      </attr>
      <attr>
        <attrlabl>A603014</attrlabl>
      </attr>
      <attr>
        <attrlabl>A603015</attrlabl>
      </attr>
      <attr>
        <attrlabl>A701001</attrlabl>
      </attr>
      <attr>
        <attrlabl>A701002</attrlabl>
      </attr>
      <attr>
        <attrlabl>A701003</attrlabl>
      </attr>
      <attr>
        <attrlabl>A701004</attrlabl>
      </attr>
      <attr>
        <attrlabl>A701005</attrlabl>
      </attr>
      <attr>
        <attrlabl>A701006</attrlabl>
      </attr>
      <attr>
        <attrlabl>A701007</attrlabl>
      </attr>
      <attr>
        <attrlabl>A701008</attrlabl>
      </attr>
      <attr>
        <attrlabl>A701009</attrlabl>
      </attr>
      <attr>
        <attrlabl>A701010</attrlabl>
      </attr>
      <attr>
        <attrlabl>A701011</attrlabl>
      </attr>
      <attr>
        <attrlabl>A701012</attrlabl>
      </attr>
      <attr>
        <attrlabl>A701013</attrlabl>
      </attr>
      <attr>
        <attrlabl>A701014</attrlabl>
      </attr>
      <attr>
        <attrlabl>A701015</attrlabl>
      </attr>
      <attr>
        <attrlabl>A703001</attrlabl>
      </attr>
      <attr>
        <attrlabl>A703002</attrlabl>
      </attr>
      <attr>
        <attrlabl>A703003</attrlabl>
      </attr>
      <attr>
        <attrlabl>A703004</attrlabl>
      </attr>
      <attr>
        <attrlabl>A703005</attrlabl>
      </attr>
      <attr>
        <attrlabl>A703006</attrlabl>
      </attr>
      <attr>
        <attrlabl>A703007</attrlabl>
      </attr>
      <attr>
        <attrlabl>A703008</attrlabl>
      </attr>
      <attr>
        <attrlabl>A703009</attrlabl>
      </attr>
      <attr>
        <attrlabl>A703010</attrlabl>
      </attr>
      <attr>
        <attrlabl>A703011</attrlabl>
      </attr>
      <attr>
        <attrlabl>A703012</attrlabl>
      </attr>
      <attr>
        <attrlabl>A703013</attrlabl>
      </attr>
      <attr>
        <attrlabl>A703014</attrlabl>
      </attr>
      <attr>
        <attrlabl>A703015</attrlabl>
      </attr>
      <attr>
        <attrlabl>A703016</attrlabl>
      </attr>
      <attr>
        <attrlabl>A703017</attrlabl>
      </attr>
      <attr>
        <attrlabl>A703018</attrlabl>
      </attr>
      <attr>
        <attrlabl>A703019</attrlabl>
      </attr>
      <attr>
        <attrlabl>A703020</attrlabl>
      </attr>
      <attr>
        <attrlabl>A703021</attrlabl>
      </attr>
      <attr>
        <attrlabl>A703022</attrlabl>
      </attr>
      <attr>
        <attrlabl>A703023</attrlabl>
      </attr>
      <attr>
        <attrlabl>A703024</attrlabl>
      </attr>
      <attr>
        <attrlabl>A703025</attrlabl>
      </attr>
      <attr>
        <attrlabl>A703026</attrlabl>
      </attr>
      <attr>
        <attrlabl>A703027</attrlabl>
      </attr>
      <attr>
        <attrlabl>A703028</attrlabl>
      </attr>
      <attr>
        <attrlabl>A703029</attrlabl>
      </attr>
      <attr>
        <attrlabl>A703030</attrlabl>
      </attr>
      <attr>
        <attrlabl>A703031</attrlabl>
      </attr>
      <attr>
        <attrlabl>A703032</attrlabl>
      </attr>
      <attr>
        <attrlabl>A703033</attrlabl>
      </attr>
      <attr>
        <attrlabl>A703034</attrlabl>
      </attr>
      <attr>
        <attrlabl>A703035</attrlabl>
      </attr>
      <attr>
        <attrlabl>A703036</attrlabl>
      </attr>
      <attr>
        <attrlabl>A703037</attrlabl>
      </attr>
      <attr>
        <attrlabl>A703038</attrlabl>
      </attr>
      <attr>
        <attrlabl>A703039</attrlabl>
      </attr>
      <attr>
        <attrlabl>A703040</attrlabl>
      </attr>
      <attr>
        <attrlabl>A703041</attrlabl>
      </attr>
      <attr>
        <attrlabl>A703042</attrlabl>
      </attr>
      <attr>
        <attrlabl>A703043</attrlabl>
      </attr>
      <attr>
        <attrlabl>A703044</attrlabl>
      </attr>
      <attr>
        <attrlabl>A703045</attrlabl>
      </attr>
      <attr>
        <attrlabl>A703046</attrlabl>
      </attr>
      <attr>
        <attrlabl>A703047</attrlabl>
      </attr>
      <attr>
        <attrlabl>A703048</attrlabl>
      </attr>
      <attr>
        <attrlabl>A703049</attrlabl>
      </attr>
      <attr>
        <attrlabl>A703050</attrlabl>
      </attr>
      <attr>
        <attrlabl>A703051</attrlabl>
      </attr>
      <attr>
        <attrlabl>A703052</attrlabl>
      </attr>
      <attr>
        <attrlabl>A703053</attrlabl>
      </attr>
      <attr>
        <attrlabl>A703054</attrlabl>
      </attr>
      <attr>
        <attrlabl>A703055</attrlabl>
      </attr>
      <attr>
        <attrlabl>A703056</attrlabl>
      </attr>
      <attr>
        <attrlabl>A703057</attrlabl>
      </attr>
      <attr>
        <attrlabl>A703058</attrlabl>
      </attr>
      <attr>
        <attrlabl>A703059</attrlabl>
      </attr>
      <attr>
        <attrlabl>A703060</attrlabl>
      </attr>
      <attr>
        <attrlabl>A703061</attrlabl>
      </attr>
      <attr>
        <attrlabl>A703062</attrlabl>
      </attr>
      <attr>
        <attrlabl>A703063</attrlabl>
      </attr>
      <attr>
        <attrlabl>A703064</attrlabl>
      </attr>
      <attr>
        <attrlabl>A703065</attrlabl>
      </attr>
      <attr>
        <attrlabl>A703066</attrlabl>
      </attr>
      <attr>
        <attrlabl>A703067</attrlabl>
      </attr>
      <attr>
        <attrlabl>A703068</attrlabl>
      </attr>
      <attr>
        <attrlabl>A703069</attrlabl>
      </attr>
      <attr>
        <attrlabl>A703070</attrlabl>
      </attr>
      <attr>
        <attrlabl>A703071</attrlabl>
      </attr>
      <attr>
        <attrlabl>A703072</attrlabl>
      </attr>
      <attr>
        <attrlabl>A703073</attrlabl>
      </attr>
      <attr>
        <attrlabl>A703074</attrlabl>
      </attr>
      <attr>
        <attrlabl>A703075</attrlabl>
      </attr>
      <attr>
        <attrlabl>A703076</attrlabl>
      </attr>
      <attr>
        <attrlabl>A703077</attrlabl>
      </attr>
      <attr>
        <attrlabl>A703078</attrlabl>
      </attr>
      <attr>
        <attrlabl>A703079</attrlabl>
      </attr>
      <attr>
        <attrlabl>A703080</attrlabl>
      </attr>
      <attr>
        <attrlabl>A703081</attrlabl>
      </attr>
      <attr>
        <attrlabl>A703082</attrlabl>
      </attr>
      <attr>
        <attrlabl>A703083</attrlabl>
      </attr>
      <attr>
        <attrlabl>A703084</attrlabl>
      </attr>
      <attr>
        <attrlabl>A703085</attrlabl>
      </attr>
      <attr>
        <attrlabl>A703086</attrlabl>
      </attr>
      <attr>
        <attrlabl>A703087</attrlabl>
      </attr>
      <attr>
        <attrlabl>A703088</attrlabl>
      </attr>
      <attr>
        <attrlabl>A703089</attrlabl>
      </attr>
      <attr>
        <attrlabl>A703090</attrlabl>
      </attr>
      <attr>
        <attrlabl>A703091</attrlabl>
      </attr>
      <attr>
        <attrlabl>A703092</attrlabl>
      </attr>
      <attr>
        <attrlabl>A703093</attrlabl>
      </attr>
      <attr>
        <attrlabl>A703094</attrlabl>
      </attr>
      <attr>
        <attrlabl>A703095</attrlabl>
      </attr>
      <attr>
        <attrlabl>A703096</attrlabl>
      </attr>
      <attr>
        <attrlabl>A704001</attrlabl>
      </attr>
      <attr>
        <attrlabl>A704002</attrlabl>
      </attr>
      <attr>
        <attrlabl>A704003</attrlabl>
      </attr>
      <attr>
        <attrlabl>A704004</attrlabl>
      </attr>
      <attr>
        <attrlabl>A704005</attrlabl>
      </attr>
      <attr>
        <attrlabl>A704006</attrlabl>
      </attr>
      <attr>
        <attrlabl>A704007</attrlabl>
      </attr>
      <attr>
        <attrlabl>A704008</attrlabl>
      </attr>
      <attr>
        <attrlabl>A704009</attrlabl>
      </attr>
      <attr>
        <attrlabl>A704010</attrlabl>
      </attr>
      <attr>
        <attrlabl>A704011</attrlabl>
      </attr>
      <attr>
        <attrlabl>A704012</attrlabl>
      </attr>
      <attr>
        <attrlabl>A704013</attrlabl>
      </attr>
      <attr>
        <attrlabl>A704014</attrlabl>
      </attr>
      <attr>
        <attrlabl>A704015</attrlabl>
      </attr>
      <attr>
        <attrlabl>A704016</attrlabl>
      </attr>
      <attr>
        <attrlabl>A704017</attrlabl>
      </attr>
      <attr>
        <attrlabl>A704018</attrlabl>
      </attr>
      <attr>
        <attrlabl>A704019</attrlabl>
      </attr>
      <attr>
        <attrlabl>A704020</attrlabl>
      </attr>
      <attr>
        <attrlabl>A704021</attrlabl>
      </attr>
      <attr>
        <attrlabl>A704022</attrlabl>
      </attr>
      <attr>
        <attrlabl>A704023</attrlabl>
      </attr>
      <attr>
        <attrlabl>A704024</attrlabl>
      </attr>
      <attr>
        <attrlabl>A706001</attrlabl>
      </attr>
      <attr>
        <attrlabl>A706002</attrlabl>
      </attr>
      <attr>
        <attrlabl>A706003</attrlabl>
      </attr>
      <attr>
        <attrlabl>A706004</attrlabl>
      </attr>
      <attr>
        <attrlabl>A706005</attrlabl>
      </attr>
      <attr>
        <attrlabl>A706006</attrlabl>
      </attr>
      <attr>
        <attrlabl>A706007</attrlabl>
      </attr>
      <attr>
        <attrlabl>A706008</attrlabl>
      </attr>
      <attr>
        <attrlabl>A706009</attrlabl>
      </attr>
      <attr>
        <attrlabl>A706010</attrlabl>
      </attr>
      <attr>
        <attrlabl>A706011</attrlabl>
      </attr>
      <attr>
        <attrlabl>A706012</attrlabl>
      </attr>
      <attr>
        <attrlabl>A706013</attrlabl>
      </attr>
      <attr>
        <attrlabl>A706014</attrlabl>
      </attr>
      <attr>
        <attrlabl>A706015</attrlabl>
      </attr>
      <attr>
        <attrlabl>A706016</attrlabl>
      </attr>
      <attr>
        <attrlabl>A706017</attrlabl>
      </attr>
      <attr>
        <attrlabl>A706018</attrlabl>
      </attr>
      <attr>
        <attrlabl>A706019</attrlabl>
      </attr>
      <attr>
        <attrlabl>A706020</attrlabl>
      </attr>
      <attr>
        <attrlabl>A706021</attrlabl>
      </attr>
      <attr>
        <attrlabl>A706022</attrlabl>
      </attr>
      <attr>
        <attrlabl>A706023</attrlabl>
      </attr>
      <attr>
        <attrlabl>A706024</attrlabl>
      </attr>
      <attr>
        <attrlabl>A707001</attrlabl>
      </attr>
      <attr>
        <attrlabl>A707002</attrlabl>
      </attr>
      <attr>
        <attrlabl>A707003</attrlabl>
      </attr>
      <attr>
        <attrlabl>A707004</attrlabl>
      </attr>
      <attr>
        <attrlabl>A707005</attrlabl>
      </attr>
      <attr>
        <attrlabl>A707006</attrlabl>
      </attr>
      <attr>
        <attrlabl>A707007</attrlabl>
      </attr>
      <attr>
        <attrlabl>A707008</attrlabl>
      </attr>
      <attr>
        <attrlabl>A707009</attrlabl>
      </attr>
      <attr>
        <attrlabl>A707010</attrlabl>
      </attr>
      <attr>
        <attrlabl>A707011</attrlabl>
      </attr>
      <attr>
        <attrlabl>A707012</attrlabl>
      </attr>
      <attr>
        <attrlabl>A707013</attrlabl>
      </attr>
      <attr>
        <attrlabl>A707014</attrlabl>
      </attr>
      <attr>
        <attrlabl>A707015</attrlabl>
      </attr>
      <attr>
        <attrlabl>A707016</attrlabl>
      </attr>
      <attr>
        <attrlabl>A707017</attrlabl>
      </attr>
      <attr>
        <attrlabl>A707018</attrlabl>
      </attr>
      <attr>
        <attrlabl>A707019</attrlabl>
      </attr>
      <attr>
        <attrlabl>A707020</attrlabl>
      </attr>
      <attr>
        <attrlabl>A707021</attrlabl>
      </attr>
      <attr>
        <attrlabl>A707022</attrlabl>
      </attr>
      <attr>
        <attrlabl>A707023</attrlabl>
      </attr>
      <attr>
        <attrlabl>A707024</attrlabl>
      </attr>
      <attr>
        <attrlabl>A709001</attrlabl>
      </attr>
      <attr>
        <attrlabl>A709002</attrlabl>
      </attr>
      <attr>
        <attrlabl>A709003</attrlabl>
      </attr>
      <attr>
        <attrlabl>A709004</attrlabl>
      </attr>
      <attr>
        <attrlabl>A709005</attrlabl>
      </attr>
      <attr>
        <attrlabl>A709006</attrlabl>
      </attr>
      <attr>
        <attrlabl>A709007</attrlabl>
      </attr>
      <attr>
        <attrlabl>A709008</attrlabl>
      </attr>
      <attr>
        <attrlabl>A709009</attrlabl>
      </attr>
      <attr>
        <attrlabl>A709010</attrlabl>
      </attr>
      <attr>
        <attrlabl>A709011</attrlabl>
      </attr>
      <attr>
        <attrlabl>A709012</attrlabl>
      </attr>
      <attr>
        <attrlabl>A709013</attrlabl>
      </attr>
      <attr>
        <attrlabl>A709014</attrlabl>
      </attr>
      <attr>
        <attrlabl>A709015</attrlabl>
      </attr>
      <attr>
        <attrlabl>A709016</attrlabl>
      </attr>
      <attr>
        <attrlabl>A709017</attrlabl>
      </attr>
      <attr>
        <attrlabl>A709018</attrlabl>
      </attr>
      <attr>
        <attrlabl>A709019</attrlabl>
      </attr>
      <attr>
        <attrlabl>A709020</attrlabl>
      </attr>
      <attr>
        <attrlabl>A709021</attrlabl>
      </attr>
      <attr>
        <attrlabl>A709022</attrlabl>
      </attr>
      <attr>
        <attrlabl>A709023</attrlabl>
      </attr>
      <attr>
        <attrlabl>A709024</attrlabl>
      </attr>
      <attr>
        <attrlabl>A709025</attrlabl>
      </attr>
      <attr>
        <attrlabl>A709026</attrlabl>
      </attr>
      <attr>
        <attrlabl>A709027</attrlabl>
      </attr>
      <attr>
        <attrlabl>A709028</attrlabl>
      </attr>
      <attr>
        <attrlabl>A709029</attrlabl>
      </attr>
      <attr>
        <attrlabl>A709030</attrlabl>
      </attr>
      <attr>
        <attrlabl>A710001</attrlabl>
      </attr>
      <attr>
        <attrlabl>A710002</attrlabl>
      </attr>
      <attr>
        <attrlabl>A710003</attrlabl>
      </attr>
      <attr>
        <attrlabl>A710004</attrlabl>
      </attr>
      <attr>
        <attrlabl>A710005</attrlabl>
      </attr>
      <attr>
        <attrlabl>A710006</attrlabl>
      </attr>
      <attr>
        <attrlabl>A710007</attrlabl>
      </attr>
      <attr>
        <attrlabl>A710008</attrlabl>
      </attr>
      <attr>
        <attrlabl>A710009</attrlabl>
      </attr>
      <attr>
        <attrlabl>A710010</attrlabl>
      </attr>
      <attr>
        <attrlabl>A710011</attrlabl>
      </attr>
      <attr>
        <attrlabl>A710012</attrlabl>
      </attr>
      <attr>
        <attrlabl>A710013</attrlabl>
      </attr>
      <attr>
        <attrlabl>A710014</attrlabl>
      </attr>
      <attr>
        <attrlabl>A710015</attrlabl>
      </attr>
      <attr>
        <attrlabl>A710016</attrlabl>
      </attr>
      <attr>
        <attrlabl>A710017</attrlabl>
      </attr>
      <attr>
        <attrlabl>A710018</attrlabl>
      </attr>
      <attr>
        <attrlabl>A710019</attrlabl>
      </attr>
      <attr>
        <attrlabl>A710020</attrlabl>
      </attr>
      <attr>
        <attrlabl>A710021</attrlabl>
      </attr>
      <attr>
        <attrlabl>A710022</attrlabl>
      </attr>
      <attr>
        <attrlabl>A710023</attrlabl>
      </attr>
      <attr>
        <attrlabl>A710024</attrlabl>
      </attr>
      <attr>
        <attrlabl>A710025</attrlabl>
      </attr>
      <attr>
        <attrlabl>A710026</attrlabl>
      </attr>
      <attr>
        <attrlabl>A710027</attrlabl>
      </attr>
      <attr>
        <attrlabl>A710028</attrlabl>
      </attr>
      <attr>
        <attrlabl>A710029</attrlabl>
      </attr>
      <attr>
        <attrlabl>A710030</attrlabl>
      </attr>
      <attr>
        <attrlabl>A801001</attrlabl>
      </attr>
      <attr>
        <attrlabl>A801002</attrlabl>
      </attr>
      <attr>
        <attrlabl>A801003</attrlabl>
      </attr>
      <attr>
        <attrlabl>A801004</attrlabl>
      </attr>
      <attr>
        <attrlabl>A801005</attrlabl>
      </attr>
      <attr>
        <attrlabl>A801006</attrlabl>
      </attr>
      <attr>
        <attrlabl>A801007</attrlabl>
      </attr>
      <attr>
        <attrlabl>A801008</attrlabl>
      </attr>
      <attr>
        <attrlabl>A801009</attrlabl>
      </attr>
      <attr>
        <attrlabl>A801010</attrlabl>
      </attr>
      <attr>
        <attrlabl>A801011</attrlabl>
      </attr>
      <attr>
        <attrlabl>A802001</attrlabl>
      </attr>
      <attr>
        <attrlabl>A802002</attrlabl>
      </attr>
      <attr>
        <attrlabl>A802003</attrlabl>
      </attr>
      <attr>
        <attrlabl>A802004</attrlabl>
      </attr>
      <attr>
        <attrlabl>A802005</attrlabl>
      </attr>
      <attr>
        <attrlabl>A802006</attrlabl>
      </attr>
      <attr>
        <attrlabl>A802007</attrlabl>
      </attr>
      <attr>
        <attrlabl>A802008</attrlabl>
      </attr>
      <attr>
        <attrlabl>A802009</attrlabl>
      </attr>
      <attr>
        <attrlabl>A802010</attrlabl>
      </attr>
      <attr>
        <attrlabl>A802011</attrlabl>
      </attr>
      <attr>
        <attrlabl>A803001</attrlabl>
      </attr>
      <attr>
        <attrlabl>A803002</attrlabl>
      </attr>
      <attr>
        <attrlabl>A803003</attrlabl>
      </attr>
      <attr>
        <attrlabl>A803004</attrlabl>
      </attr>
      <attr>
        <attrlabl>A803005</attrlabl>
      </attr>
      <attr>
        <attrlabl>A803006</attrlabl>
      </attr>
      <attr>
        <attrlabl>A803007</attrlabl>
      </attr>
      <attr>
        <attrlabl>A803008</attrlabl>
      </attr>
      <attr>
        <attrlabl>A803009</attrlabl>
      </attr>
      <attr>
        <attrlabl>A803010</attrlabl>
      </attr>
      <attr>
        <attrlabl>A803011</attrlabl>
      </attr>
      <attr>
        <attrlabl>A803012</attrlabl>
      </attr>
      <attr>
        <attrlabl>A803013</attrlabl>
      </attr>
      <attr>
        <attrlabl>A803014</attrlabl>
      </attr>
      <attr>
        <attrlabl>A803015</attrlabl>
      </attr>
      <attr>
        <attrlabl>A803016</attrlabl>
      </attr>
      <attr>
        <attrlabl>A803017</attrlabl>
      </attr>
      <attr>
        <attrlabl>A803018</attrlabl>
      </attr>
      <attr>
        <attrlabl>A803019</attrlabl>
      </attr>
      <attr>
        <attrlabl>A803020</attrlabl>
      </attr>
      <attr>
        <attrlabl>A803021</attrlabl>
      </attr>
      <attr>
        <attrlabl>A803022</attrlabl>
      </attr>
      <attr>
        <attrlabl>A803023</attrlabl>
      </attr>
      <attr>
        <attrlabl>A803024</attrlabl>
      </attr>
      <attr>
        <attrlabl>A803025</attrlabl>
      </attr>
      <attr>
        <attrlabl>A803026</attrlabl>
      </attr>
    </detailed>
  </eainfo>
  <distinfo>
    <distrib>
      <cntinfo>
        <cntorgp>
          <cntorg>Stanford Geospatial Center</cntorg>
        </cntorgp>
        <cntaddr>
          <addrtype>physical</addrtype>
          <address>Branner Earth Sciences Library</address>
          <address>Mitchell Building, 2nd Floor</address>
          <address>397 Panama Mall</address>
          <city>Stanford</city>
          <state>California</state>
          <postal>94305</postal>
          <country>US</country>
        </cntaddr>
        <cntvoice>650-723-2746</cntvoice>
        <cntemail>brannerlibrary@stanford.edu</cntemail>
      </cntinfo>
    </distrib>
    <distliab>Available only to Stanford University affiliates. Affiliates are limited to current faculty, staff and students. No part of this data product is allowed to be reproduced or re-distributed to any other parties without permission.</distliab>
  </distinfo>
  <metainfo>
    <metd>20150324</metd>
    <metc>
      <cntinfo>
        <cntorgp>
          <cntorg>Stanford Geospatial Center</cntorg>
        </cntorgp>
        <cntaddr>
          <addrtype>physical</addrtype>
          <address>Branner Earth Sciences Library</address>
          <address>Mitchell Building, 2nd Floor</address>
          <address>397 Panama Mall</address>
          <city>Stanford</city>
          <state>California</state>
          <postal>94305</postal>
          <country>US</country>
        </cntaddr>
        <cntvoice>650-723-2746</cntvoice>
        <cntemail>brannerlibrary@stanford.edu</cntemail>
      </cntinfo>
    </metc>
    <metstdn>FGDC Content Standard for Digital Geospatial Metadata</metstdn>
    <metstdv>FGDC-STD-001-1998</metstdv>
    <mettc>local time</mettc>
  </metainfo>
</metadata>
