<?xml version="1.0" encoding="UTF-8"?>
<metadata>
  <idinfo>
    <citation>
      <citeinfo>
        <origin/>
        <origin/>
        <pubdate>20140603</pubdate>
        <title>2010 China Township Census</title>
        <edition>v.4</edition>
        <geoform>vector digital data</geoform>
        <pubinfo>
          <pubplace/>
          <publish>Beijing Hua tong ren shi chang xin xi you xian ze ren gong si</publish>
        </pubinfo>
        <onlink>http://purl.stanford.edu/rq443fp2092</onlink>
        <lworkcit>
          <citeinfo>
            <origin/>
            <origin/>
            <pubdate>20140603</pubdate>
            <title>China 2010 township population census data with GIS maps</title>
            <edition>v. 1</edition>
            <geoform>map</geoform>
            <pubinfo>
              <publish>Beijing Hua tong ren shi chang xin xi you xian ze ren gong si</publish>
            </pubinfo>
          </citeinfo>
        </lworkcit>
      </citeinfo>
    </citation>
    <descript>
      <abstract>This point shapefile contains the locations of townships in China with 2010 census population statistics. These data are represented at 1:1,000,000 scale. This layer is part of the China 2010 township population census dataset.</abstract>
      <purpose>The 2010 China township maps are developed for matching 2010 China population Census data, which should only be used as references for research or education instead of used as official maps.</purpose>
    </descript>
    <timeperd>
      <timeinfo>
        <rngdates>
          <begdate>20100101</begdate>
          <enddate>20101231</enddate>
        </rngdates>
      </timeinfo>
      <current>ground condition</current>
    </timeperd>
    <status>
      <progress>Complete</progress>
      <update>None planned</update>
    </status>
    <spdom>
      <bounding>
        <westbc>74.045431</westbc>
        <eastbc>134.575686</eastbc>
        <northbc>53.480186</northbc>
        <southbc>8.827980</southbc>
      </bounding>
    </spdom>
    <keywords>
      <theme>
        <themekt>lcsh</themekt>
        <themekey>Cities and towns</themekey>
        <themekey>Population</themekey>
        <themekey>Sex ratio</themekey>
        <themekey>Housing</themekey>
        <themekey>Labor supply</themekey>
      </theme>
      <theme>
        <themekt>ISO 19115 Topic Categories</themekt>
        <themekey>location</themekey>
        <themekey>society</themekey>
      </theme>
      <place>
        <placekt>geonames</placekt>
        <placekey>China</placekey>
      </place>
      <temporal>
        <tempkt>None</tempkt>
        <tempkey>2010</tempkey>
      </temporal>
    </keywords>
    <accconst>None</accconst>
    <useconst>Available only to Stanford University affiliates. Affiliates are limited to current faculty, staff and students. No part of this data product is allowed to be reproduced or re-distributed to any other parties without permission.</useconst>
    <ptcontac>
      <cntinfo>
        <cntorgp>
          <cntorg>China Data Center</cntorg>
        </cntorgp>
        <cntaddr>
          <addrtype>mailing and physical</addrtype>
          <address>1080 S. University</address>
          <address>University of Michigan</address>
          <city>Ann Arbor</city>
          <state>MI</state>
          <postal>48109</postal>
          <country>US</country>
        </cntaddr>
        <cntvoice>734-647-9610</cntvoice>
        <cntfax>734-763-0335</cntfax>
        <cntemail>chinadata@umich.edu</cntemail>
      </cntinfo>
    </ptcontac>
    <datacred>China Data Center. University of Michigan. (2014). 2010 China Township Census. Copyright by All China Marketing Research Co., Ltd. Available at:  http://purl.stanford.edu/rq443fp2092.</datacred>
    <native>Microsoft Windows 7 Version 6.1 (Build 7601) Service Pack 1; Esri ArcGIS 10.3.1.4959</native>
  </idinfo>
  <dataqual>
    <logic>None.</logic>
    <complete>Unknown.</complete>
  </dataqual>
  <spdoinfo>
    <direct>Vector</direct>
    <ptvctinf>
      <sdtsterm>
        <sdtstype>Entity point</sdtstype>
        <ptvctcnt>43577</ptvctcnt>
      </sdtsterm>
    </ptvctinf>
  </spdoinfo>
  <eainfo>
    <detailed xmlns="">
      <enttyp>
        <enttypl>2010TownshipCensus</enttypl>
        <enttypd>China Province Boundaries 1953</enttypd>
        <enttypds>China Data Center</enttypds>
      </enttyp>
      <attr>
        <attrlabl>FID</attrlabl>
        <attrdef>Internal feature number.</attrdef>
        <attrdefs>ESRI</attrdefs>
        <attrdomv>
          <udom>Sequential unique whole numbers that are automatically generated.</udom>
        </attrdomv>
      </attr>
      <attr>
        <attrlabl>SHAPE</attrlabl>
        <attrdef>Feature geometry.</attrdef>
        <attrdefs>ESRI</attrdefs>
        <attrdomv>
          <udom>Coordinates defining the features.</udom>
        </attrdomv>
      </attr>
      <attr>
        <attrlabl>GBTownship</attrlabl>
        <attrdef>Nine digit code of County in number</attrdef>
      </attr>
      <attr>
        <attrlabl>TownshipCH</attrlabl>
        <attrdef>Chinese name of township</attrdef>
      </attr>
      <attr>
        <attrlabl>TownshipEN</attrlabl>
        <attrdef>English name of township</attrdef>
      </attr>
      <attr>
        <attrlabl>A100001</attrlabl>
        <attrdef>Total resident population</attrdef>
      </attr>
      <attr>
        <attrlabl>A100002</attrlabl>
        <attrdef>Total males</attrdef>
      </attr>
      <attr>
        <attrlabl>A100003</attrlabl>
        <attrdef>Total females</attrdef>
      </attr>
      <attr>
        <attrlabl>A100004</attrlabl>
        <attrdef>Total number of family households</attrdef>
      </attr>
      <attr>
        <attrlabl>A100005</attrlabl>
        <attrdef>Total population of family households</attrdef>
      </attr>
      <attr>
        <attrlabl>A100006</attrlabl>
        <attrdef>Total males of family households</attrdef>
      </attr>
      <attr>
        <attrlabl>A100007</attrlabl>
        <attrdef>Total females of family households</attrdef>
      </attr>
      <attr>
        <attrlabl>A100008</attrlabl>
        <attrdef>Total population at age 0-14</attrdef>
      </attr>
      <attr>
        <attrlabl>A100009</attrlabl>
        <attrdef>Total population at age 15-64</attrdef>
      </attr>
      <attr>
        <attrlabl>A100010</attrlabl>
        <attrdef>Total population at age 65 and over</attrdef>
      </attr>
      <attr>
        <attrlabl>A100011</attrlabl>
        <attrdef>Total population of registered permanent resident</attrdef>
      </attr>
      <attr>
        <attrlabl>GBPROV</attrlabl>
        <attrdef>Two-digit code of province in number</attrdef>
      </attr>
      <attr>
        <attrlabl>ProvCH</attrlabl>
        <attrdef>Chinese name of province</attrdef>
      </attr>
      <attr>
        <attrlabl>ProvEN</attrlabl>
        <attrdef>English name of province</attrdef>
      </attr>
      <attr>
        <attrlabl>GbPref</attrlabl>
        <attrdef>Four digit code of prefecture in number</attrdef>
      </attr>
      <attr>
        <attrlabl>PrefCH</attrlabl>
        <attrdef>Chinese name of prefecture</attrdef>
      </attr>
      <attr>
        <attrlabl>PrefEN</attrlabl>
        <attrdef>English name of prefecture</attrdef>
      </attr>
      <attr>
        <attrlabl>GbCounty</attrlabl>
        <attrdef>Six digit code of country in number</attrdef>
      </attr>
      <attr>
        <attrlabl>CountyCH</attrlabl>
        <attrdef>Chinese name of country</attrdef>
      </attr>
      <attr>
        <attrlabl>CountyEN</attrlabl>
        <attrdef>English name of country</attrdef>
      </attr>
    </detailed>
  </eainfo>
  <distinfo>
    <distrib>
      <cntinfo>
        <cntorgp>
          <cntorg>Stanford Geospatial Center</cntorg>
        </cntorgp>
        <cntaddr>
          <addrtype>mailing and physical</addrtype>
          <address>Mitchell Bldg. 2nd floor</address>
          <address>397 Panama Mall</address>
          <city>Stanford</city>
          <state>California</state>
          <postal>94305</postal>
          <country>US</country>
        </cntaddr>
        <cntvoice>650-723-2746</cntvoice>
        <cntemail>brannerlibrary@stanford.edu</cntemail>
      </cntinfo>
    </distrib>
    <distliab>Available only to Stanford University affiliates. Affiliates are limited to current faculty, staff and students. No part of this data product is allowed to be reproduced or re-distributed to any other parties without permission.</distliab>
  </distinfo>
  <metainfo>
    <metd>20150805</metd>
    <metc>
      <cntinfo>
        <cntorgp>
          <cntorg>Stanford Geospatial Center</cntorg>
        </cntorgp>
        <cntaddr>
          <addrtype>mailing and physical</addrtype>
          <address>Mitchell Bldg. 2nd floor</address>
          <address>397 Panama Mall</address>
          <city>Stanford</city>
          <state>California</state>
          <postal>94305</postal>
          <country>US</country>
        </cntaddr>
        <cntvoice>650-723-2746</cntvoice>
        <cntemail>brannerlibrary@stanford.edu</cntemail>
      </cntinfo>
    </metc>
    <metstdn>FGDC Content Standard for Digital Geospatial Metadata</metstdn>
    <metstdv>FGDC-STD-001-1998</metstdv>
    <mettc>local time</mettc>
  </metainfo>
</metadata>
